prediction_id,feedback_timestamp,step,type,amount,oldbalanceOrg,newbalanceOrig,oldbalanceDest,newbalanceDest,isFlaggedFraud,customer_email,prediction,predicted_label,fraud_probability,threshold,model_name,user_feedback,ground_truth_label,feedback_notes
realistic-prod-0001,2026-03-25T17:43:58.064806+00:00,668,CASH_OUT,1576531.53,1576531.53,0.0,0.0,1576531.53,0,cashout.client0001@bankmail.com,1,fraud,0.9480868245893742,0.5,random_forest,reported_fraud,1,Customer confirmed this transaction as fraud after investigation.
realistic-prod-0002,2026-03-25T23:43:58.064806+00:00,164,TRANSFER,66858.05,57853.6,0.0,1309468.57,1376326.62,0,transfer.client0002@bankmail.com,0,not_fraud,0.1816696614337652,0.5,random_forest,confirmed_legit,0,Customer confirmed this transaction as legitimate.
realistic-prod-0003,2026-03-26T05:43:58.064806+00:00,21,CASH_OUT,79582.07,80993.74,1411.67,2786772.31,2866354.38,0,cashout.client0003@bankmail.com,0,not_fraud,0.1970371740655687,0.5,random_forest,confirmed_legit,0,Customer confirmed this transaction as legitimate.
realistic-prod-0004,2026-03-26T11:43:58.064806+00:00,360,DEBIT,2250.97,569.0,0.0,2342944.79,2345195.77,0,debit.client0004@bankmail.com,0,not_fraud,0.02346551331392,0.5,random_forest,confirmed_legit,0,Customer confirmed this transaction as legitimate.
realistic-prod-0005,2026-03-26T17:43:58.064806+00:00,164,CASH_OUT,431281.21,0.0,0.0,831161.89,1262443.1,0,cashout.client0005@bankmail.com,0,not_fraud,0.0107742496983584,0.5,random_forest,confirmed_legit,0,Customer confirmed this transaction as legitimate.
realistic-prod-0006,2026-03-26T23:43:58.064806+00:00,536,CASH_OUT,285382.07,285382.07,0.0,0.0,285382.07,0,cashout.client0006@bankmail.com,0,not_fraud,0.4261480010667802,0.5,random_forest,reported_fraud,1,Missed fraud scenario recovered by customer feedback.
realistic-prod-0007,2026-03-27T05:43:58.064806+00:00,297,TRANSFER,569910.04,0.0,0.0,625698.29,1195608.32,0,transfer.client0007@bankmail.com,0,not_fraud,0.0078859304524952,0.5,random_forest,confirmed_legit,0,Customer confirmed this transaction as legitimate.
realistic-prod-0008,2026-03-27T11:43:58.064806+00:00,20,CASH_OUT,52053.67,450915.36,398861.69,80545.26,132598.93,0,cashout.client0008@bankmail.com,0,not_fraud,0.0341921683885955,0.5,random_forest,confirmed_legit,0,Customer confirmed this transaction as legitimate.
realistic-prod-0009,2026-03-27T17:43:58.064806+00:00,348,CASH_OUT,314011.66,92432.0,0.0,86212.06,400223.73,0,cashout.client0009@bankmail.com,0,not_fraud,0.2605737974368244,0.5,random_forest,confirmed_legit,0,Customer confirmed this transaction as legitimate.
realistic-prod-0010,2026-03-27T23:43:58.064806+00:00,36,PAYMENT,19764.36,1515.0,0.0,0.0,0.0,0,payment.client0010@bankmail.com,0,not_fraud,0.0052222669437966,0.5,random_forest,confirmed_legit,0,Customer confirmed this transaction as legitimate.
realistic-prod-0011,2026-03-28T05:43:58.064806+00:00,299,PAYMENT,28.49,0.0,0.0,0.0,0.0,0,payment.client0011@bankmail.com,0,not_fraud,0.0047909386476348,0.5,random_forest,confirmed_legit,0,Customer confirmed this transaction as legitimate.
realistic-prod-0012,2026-03-28T11:43:58.064806+00:00,275,CASH_OUT,152048.32,0.0,0.0,471540.4,623588.72,0,cashout.client0012@bankmail.com,0,not_fraud,0.0063922773855566,0.5,random_forest,confirmed_legit,0,Customer confirmed this transaction as legitimate.
realistic-prod-0013,2026-03-28T17:43:58.064806+00:00,310,TRANSFER,1472442.44,0.0,0.0,3079876.9,4552319.33,0,transfer.client0013@bankmail.com,0,not_fraud,0.0098740613569965,0.5,random_forest,confirmed_legit,0,Customer confirmed this transaction as legitimate.
realistic-prod-0014,2026-03-28T23:43:58.064806+00:00,681,PAYMENT,19095.85,2244.0,0.0,0.0,0.0,0,payment.client0014@bankmail.com,0,not_fraud,0.0198768410748,0.5,random_forest,confirmed_legit,0,Customer confirmed this transaction as legitimate.
realistic-prod-0015,2026-03-29T05:43:58.064806+00:00,284,CASH_OUT,143017.34,152622.0,9604.66,117738.16,260755.49,0,cashout.client0015@bankmail.com,0,not_fraud,0.0615239725115434,0.5,random_forest,confirmed_legit,0,Customer confirmed this transaction as legitimate.
realistic-prod-0016,2026-03-29T11:43:58.064806+00:00,353,CASH_OUT,271492.63,104126.0,0.0,143727.57,415220.2,0,cashout.client0016@bankmail.com,0,not_fraud,0.1684100641181651,0.5,random_forest,confirmed_legit,0,Customer confirmed this transaction as legitimate.
realistic-prod-0017,2026-03-29T17:43:58.064806+00:00,38,PAYMENT,5967.93,25904.77,19936.83,0.0,0.0,0,payment.client0017@bankmail.com,0,not_fraud,0.0,0.5,random_forest,confirmed_legit,0,Customer confirmed this transaction as legitimate.
realistic-prod-0018,2026-03-29T23:43:58.064806+00:00,140,CASH_IN,256601.26,4833718.11,5090319.37,258369.02,1767.77,0,cashin.client0018@bankmail.com,0,not_fraud,0.0051294191919191,0.5,random_forest,confirmed_legit,0,Customer confirmed this transaction as legitimate.
realistic-prod-0019,2026-03-30T05:43:58.064806+00:00,179,CASH_OUT,199473.69,13329.79,0.0,3918864.45,4118338.14,0,cashout.client0019@bankmail.com,0,not_fraud,0.0154288250982223,0.5,random_forest,confirmed_legit,0,Customer confirmed this transaction as legitimate.
realistic-prod-0020,2026-03-30T11:43:58.064806+00:00,36,CASH_IN,99359.1,59896.0,159255.1,21057.42,0.0,0,cashin.client0020@bankmail.com,0,not_fraud,0.0011262540223357,0.5,random_forest,confirmed_legit,0,Customer confirmed this transaction as legitimate.
realistic-prod-0021,2026-03-30T17:43:58.064806+00:00,688,CASH_IN,403058.89,1312289.35,1715348.23,855242.82,452183.93,0,cashin.client0021@bankmail.com,0,not_fraud,0.0180085618457995,0.5,random_forest,confirmed_legit,0,Customer confirmed this transaction as legitimate.
realistic-prod-0022,2026-03-30T23:43:58.064806+00:00,135,CASH_IN,38877.64,484237.93,523115.58,819752.54,780874.9,0,cashin.client0022@bankmail.com,0,not_fraud,0.0049400252525252,0.5,random_forest,confirmed_legit,0,Customer confirmed this transaction as legitimate.
realistic-prod-0023,2026-03-31T05:43:58.064806+00:00,236,CASH_OUT,128955.2,0.0,0.0,242911.46,371866.66,0,cashout.client0023@bankmail.com,0,not_fraud,0.0102181118701009,0.5,random_forest,confirmed_legit,0,Customer confirmed this transaction as legitimate.
realistic-prod-0024,2026-03-31T11:43:58.064806+00:00,324,TRANSFER,21580.37,21580.37,0.0,0.0,0.0,0,transfer.client0024@bankmail.com,1,fraud,0.7783643742105926,0.5,random_forest,reported_fraud,1,Customer confirmed this transaction as fraud after investigation.
realistic-prod-0025,2026-03-31T17:43:58.064806+00:00,241,CASH_OUT,657417.64,657417.64,0.0,0.0,657417.64,0,cashout.client0025@bankmail.com,1,fraud,0.7932186956000226,0.5,random_forest,reported_fraud,1,Customer confirmed this transaction as fraud after investigation.
realistic-prod-0026,2026-03-31T23:43:58.064806+00:00,71,TRANSFER,91691.75,91691.75,0.0,0.0,0.0,0,transfer.client0026@bankmail.com,1,fraud,0.9702231138883848,0.5,random_forest,reported_fraud,1,Customer confirmed this transaction as fraud after investigation.
realistic-prod-0027,2026-04-01T05:43:58.064806+00:00,16,CASH_OUT,220471.15,80587.46,0.0,1169482.76,1389953.91,0,cashout.client0027@bankmail.com,0,not_fraud,0.1288344144838054,0.5,random_forest,confirmed_legit,0,Customer confirmed this transaction as legitimate.
realistic-prod-0028,2026-04-01T11:43:58.064806+00:00,274,CASH_OUT,17176.37,0.0,0.0,32352.09,49528.46,0,cashout.client0028@bankmail.com,0,not_fraud,0.0483383906533601,0.5,random_forest,confirmed_legit,0,Customer confirmed this transaction as legitimate.
realistic-prod-0029,2026-04-01T17:43:58.064806+00:00,133,PAYMENT,23765.12,199307.0,175541.88,0.0,0.0,0,payment.client0029@bankmail.com,0,not_fraud,0.0046758426051336,0.5,random_forest,confirmed_legit,0,Customer confirmed this transaction as legitimate.
realistic-prod-0030,2026-04-01T23:43:58.064806+00:00,311,PAYMENT,2153.25,25271.0,23117.75,0.0,0.0,0,payment.client0030@bankmail.com,0,not_fraud,0.0072051870393547,0.5,random_forest,confirmed_legit,0,Customer confirmed this transaction as legitimate.
realistic-prod-0031,2026-04-02T05:43:58.064806+00:00,136,CASH_IN,69968.35,1536.0,71504.35,192563.91,122595.56,0,cashin.client0031@bankmail.com,0,not_fraud,0.0,0.5,random_forest,confirmed_legit,0,Customer confirmed this transaction as legitimate.
realistic-prod-0032,2026-04-02T11:43:58.064806+00:00,158,CASH_IN,110391.45,7729884.92,7840276.37,258694.42,148302.97,0,cashin.client0032@bankmail.com,0,not_fraud,0.0007771020368761,0.5,random_forest,confirmed_legit,0,Customer confirmed this transaction as legitimate.
realistic-prod-0033,2026-04-02T17:43:58.064806+00:00,181,TRANSFER,84789.9,315113.0,230323.1,259159.78,517499.55,0,transfer.client0033@bankmail.com,0,not_fraud,0.0490672811622215,0.5,random_forest,confirmed_legit,0,Customer confirmed this transaction as legitimate.
realistic-prod-0034,2026-04-02T23:43:58.064806+00:00,184,CASH_OUT,36996.87,0.0,0.0,3126464.73,3036111.14,0,cashout.client0034@bankmail.com,0,not_fraud,0.0296287439107287,0.5,random_forest,confirmed_legit,0,Customer confirmed this transaction as legitimate.
realistic-prod-0035,2026-04-03T05:43:58.064806+00:00,322,CASH_OUT,87212.44,11178.0,0.0,719920.29,807132.73,0,cashout.client0035@bankmail.com,0,not_fraud,0.0421058364150205,0.5,random_forest,confirmed_legit,0,Customer confirmed this transaction as legitimate.
realistic-prod-0036,2026-04-03T11:43:58.064806+00:00,681,PAYMENT,1924.25,23003.89,21079.65,0.0,0.0,0,payment.client0036@bankmail.com,0,not_fraud,0.0213044924310262,0.5,random_forest,confirmed_legit,0,Customer confirmed this transaction as legitimate.
realistic-prod-0037,2026-04-03T17:43:58.064806+00:00,234,CASH_OUT,450489.27,450489.27,0.0,122047.64,572536.91,0,cashout.client0037@bankmail.com,1,fraud,0.558138654442624,0.5,random_forest,reported_fraud,1,Customer confirmed this transaction as fraud after investigation.
realistic-prod-0038,2026-04-03T23:43:58.064806+00:00,304,CASH_OUT,337363.46,33184.0,0.0,20334.96,357698.42,0,cashout.client0038@bankmail.com,0,not_fraud,0.0851051537549971,0.5,random_forest,confirmed_legit,0,Customer confirmed this transaction as legitimate.
realistic-prod-0039,2026-04-04T05:43:58.064806+00:00,258,PAYMENT,30415.22,337176.58,306761.36,0.0,0.0,0,payment.client0039@bankmail.com,0,not_fraud,0.0046758426051336,0.5,random_forest,confirmed_legit,0,Customer confirmed this transaction as legitimate.
realistic-prod-0040,2026-04-04T11:43:58.064806+00:00,141,CASH_IN,264713.78,431.0,265144.78,1378292.83,1113579.05,0,cashin.client0040@bankmail.com,0,not_fraud,0.0,0.5,random_forest,confirmed_legit,0,Customer confirmed this transaction as legitimate.
realistic-prod-0041,2026-04-04T17:43:58.064806+00:00,354,CASH_IN,436110.86,2067739.47,2503850.33,8781246.01,8345135.15,0,cashin.client0041@bankmail.com,0,not_fraud,0.0097393689986282,0.5,random_forest,confirmed_legit,0,Customer confirmed this transaction as legitimate.
realistic-prod-0042,2026-04-04T23:43:58.064806+00:00,163,CASH_OUT,143052.36,3124.13,0.0,407398.15,550450.5,0,cashout.client0042@bankmail.com,0,not_fraud,0.0063922773855566,0.5,random_forest,confirmed_legit,0,Customer confirmed this transaction as legitimate.
realistic-prod-0043,2026-04-05T05:43:58.064806+00:00,485,TRANSFER,471906.6,471906.6,0.0,0.0,0.0,0,transfer.client0043@bankmail.com,1,fraud,0.9606446282427772,0.5,random_forest,reported_fraud,1,Customer confirmed this transaction as fraud after investigation.
realistic-prod-0044,2026-04-05T11:43:58.064806+00:00,332,CASH_OUT,847.89,0.0,0.0,1864839.89,1865687.78,0,cashout.client0044@bankmail.com,0,not_fraud,0.020330288183747,0.5,random_forest,confirmed_legit,0,Customer confirmed this transaction as legitimate.
realistic-prod-0045,2026-04-05T17:43:58.064806+00:00,300,CASH_OUT,285423.33,0.0,0.0,619462.89,904886.22,0,cashout.client0045@bankmail.com,0,not_fraud,0.0024114533064256,0.5,random_forest,confirmed_legit,0,Customer confirmed this transaction as legitimate.
realistic-prod-0046,2026-04-05T23:43:58.064806+00:00,328,PAYMENT,48631.8,0.0,0.0,0.0,0.0,0,payment.client0046@bankmail.com,0,not_fraud,0.0073007952991947,0.5,random_forest,confirmed_legit,0,Customer confirmed this transaction as legitimate.
realistic-prod-0047,2026-04-06T05:43:58.064806+00:00,183,CASH_IN,297098.59,20795470.64,21092569.23,1759079.63,1461981.04,0,cashin.client0047@bankmail.com,0,not_fraud,0.0007771020368761,0.5,random_forest,confirmed_legit,0,Customer confirmed this transaction as legitimate.
realistic-prod-0048,2026-04-06T11:43:58.064806+00:00,36,CASH_OUT,240143.79,0.0,0.0,640975.19,881118.98,0,cashout.client0048@bankmail.com,0,not_fraud,0.0024114533064256,0.5,random_forest,confirmed_legit,0,Customer confirmed this transaction as legitimate.
realistic-prod-0049,2026-04-06T17:43:58.064806+00:00,206,CASH_OUT,209060.66,0.0,0.0,965110.98,1174171.64,0,cashout.client0049@bankmail.com,0,not_fraud,0.0107742496983584,0.5,random_forest,confirmed_legit,0,Customer confirmed this transaction as legitimate.
realistic-prod-0050,2026-04-06T23:43:58.064806+00:00,164,TRANSFER,177680.54,177680.54,0.0,0.0,0.0,0,transfer.client0050@bankmail.com,1,fraud,0.9311841681007782,0.5,random_forest,reported_fraud,1,Customer confirmed this transaction as fraud after investigation.
realistic-prod-0051,2026-04-07T05:43:58.064806+00:00,229,CASH_OUT,185125.01,0.0,0.0,1460005.2,1645130.21,0,cashout.client0051@bankmail.com,0,not_fraud,0.0064207470871572,0.5,random_forest,confirmed_legit,0,Customer confirmed this transaction as legitimate.
realistic-prod-0052,2026-04-07T11:43:58.064806+00:00,237,DEBIT,381.43,51194.0,50812.57,2339378.99,2339760.42,0,debit.client0052@bankmail.com,0,not_fraud,0.0653812657238452,0.5,random_forest,confirmed_legit,0,Customer confirmed this transaction as legitimate.
realistic-prod-0053,2026-04-07T17:43:58.064806+00:00,226,CASH_OUT,29174.8,29174.8,0.0,4093.57,33268.36,0,cashout.client0053@bankmail.com,0,not_fraud,0.2992685760559555,0.5,random_forest,reported_fraud,1,Missed fraud scenario recovered by customer feedback.
realistic-prod-0054,2026-04-07T23:43:58.064806+00:00,157,PAYMENT,9244.05,59371.7,50127.65,0.0,0.0,0,payment.client0054@bankmail.com,0,not_fraud,0.0046758426051336,0.5,random_forest,confirmed_legit,0,Customer confirmed this transaction as legitimate.
realistic-prod-0055,2026-04-08T05:43:58.064806+00:00,370,CASH_OUT,28342.12,0.0,0.0,933489.9,961832.01,0,cashout.client0055@bankmail.com,0,not_fraud,0.0024114533064256,0.5,random_forest,confirmed_legit,0,Customer confirmed this transaction as legitimate.
realistic-prod-0056,2026-04-08T11:43:58.064806+00:00,38,TRANSFER,365955.43,879384.0,513428.57,704476.39,1070431.82,0,transfer.client0056@bankmail.com,0,not_fraud,0.1030818728897994,0.5,random_forest,confirmed_legit,0,Customer confirmed this transaction as legitimate.
realistic-prod-0057,2026-04-08T17:43:58.064806+00:00,8,CASH_OUT,176383.26,0.0,0.0,698852.41,0.0,0,cashout.client0057@bankmail.com,0,not_fraud,0.1517240751676074,0.5,random_forest,confirmed_legit,0,Customer confirmed this transaction as legitimate.
realistic-prod-0058,2026-04-08T23:43:58.064806+00:00,301,CASH_OUT,250331.7,33858.0,0.0,325306.15,575637.85,0,cashout.client0058@bankmail.com,0,not_fraud,0.0652184004837291,0.5,random_forest,confirmed_legit,0,Customer confirmed this transaction as legitimate.
realistic-prod-0059,2026-04-09T05:43:58.064806+00:00,382,PAYMENT,19344.74,347816.0,328471.26,0.0,0.0,0,payment.client0059@bankmail.com,0,not_fraud,0.0046758426051336,0.5,random_forest,confirmed_legit,0,Customer confirmed this transaction as legitimate.
realistic-prod-0060,2026-04-09T11:43:58.064806+00:00,188,CASH_OUT,161999.77,20939.0,0.0,14979.59,176979.37,0,cashout.client0060@bankmail.com,0,not_fraud,0.0273620871118799,0.5,random_forest,confirmed_legit,0,Customer confirmed this transaction as legitimate.
realistic-prod-0061,2026-04-09T17:43:58.064806+00:00,250,CASH_OUT,2450.2,0.0,0.0,194780.34,197230.54,0,cashout.client0061@bankmail.com,0,not_fraud,0.026566830363612,0.5,random_forest,confirmed_legit,0,Customer confirmed this transaction as legitimate.
realistic-prod-0062,2026-04-09T23:43:58.064806+00:00,38,PAYMENT,25586.65,39875.0,14288.35,0.0,0.0,0,payment.client0062@bankmail.com,0,not_fraud,0.0,0.5,random_forest,confirmed_legit,0,Customer confirmed this transaction as legitimate.
realistic-prod-0063,2026-04-10T05:43:58.064806+00:00,201,PAYMENT,706.58,468009.07,467302.49,0.0,0.0,0,payment.client0063@bankmail.com,0,not_fraud,0.0046758426051336,0.5,random_forest,confirmed_legit,0,Customer confirmed this transaction as legitimate.
realistic-prod-0064,2026-04-10T11:43:58.064806+00:00,18,CASH_IN,284748.21,827.0,285575.21,180410.57,0.0,0,cashin.client0064@bankmail.com,0,not_fraud,0.0050399831649831,0.5,random_forest,confirmed_legit,0,Customer confirmed this transaction as legitimate.
realistic-prod-0065,2026-04-10T17:43:58.064806+00:00,185,CASH_IN,86050.52,6004308.31,6090358.82,169666.56,83616.04,0,cashin.client0065@bankmail.com,0,not_fraud,0.0058276070873811,0.5,random_forest,confirmed_legit,0,Customer confirmed this transaction as legitimate.
realistic-prod-0066,2026-04-10T23:43:58.064806+00:00,13,CASH_OUT,121683.72,0.0,0.0,3737854.6,3859538.32,0,cashout.client0066@bankmail.com,0,not_fraud,0.0167368537546242,0.5,random_forest,confirmed_legit,0,Customer confirmed this transaction as legitimate.
realistic-prod-0067,2026-04-11T05:43:58.064806+00:00,358,PAYMENT,7961.36,52005.0,44043.64,0.0,0.0,0,payment.client0067@bankmail.com,0,not_fraud,0.0016496314837991,0.5,random_forest,confirmed_legit,0,Customer confirmed this transaction as legitimate.
realistic-prod-0068,2026-04-11T11:43:58.064806+00:00,185,CASH_OUT,185708.91,15861.0,0.0,437798.92,623507.83,0,cashout.client0068@bankmail.com,0,not_fraud,0.0063922773855566,0.5,random_forest,confirmed_legit,0,Customer confirmed this transaction as legitimate.
realistic-prod-0069,2026-04-11T17:43:58.064806+00:00,160,TRANSFER,28338.39,0.0,0.0,1400184.13,1428522.52,0,transfer.client0069@bankmail.com,0,not_fraud,0.018461186927557,0.5,random_forest,confirmed_legit,0,Customer confirmed this transaction as legitimate.
realistic-prod-0070,2026-04-11T23:43:58.064806+00:00,393,PAYMENT,4301.41,20412.0,16110.59,0.0,0.0,0,payment.client0070@bankmail.com,0,not_fraud,0.0055555555555555,0.5,random_forest,confirmed_legit,0,Customer confirmed this transaction as legitimate.
realistic-prod-0071,2026-04-12T05:43:58.064806+00:00,33,CASH_OUT,79328.68,21372.0,0.0,1141500.9,1230722.38,0,cashout.client0071@bankmail.com,0,not_fraud,0.0482761037299713,0.5,random_forest,confirmed_legit,0,Customer confirmed this transaction as legitimate.
realistic-prod-0072,2026-04-12T11:43:58.064806+00:00,277,CASH_OUT,34121.96,24444.0,0.0,3595865.88,3629987.84,0,cashout.client0072@bankmail.com,0,not_fraud,0.2300825050701763,0.5,random_forest,confirmed_legit,0,Customer confirmed this transaction as legitimate.
realistic-prod-0073,2026-04-12T17:43:58.064806+00:00,307,PAYMENT,6633.82,15457.0,8823.18,0.0,0.0,0,payment.client0073@bankmail.com,0,not_fraud,0.0072051870393547,0.5,random_forest,confirmed_legit,0,Customer confirmed this transaction as legitimate.
realistic-prod-0074,2026-04-12T23:43:58.064806+00:00,501,CASH_OUT,73328.47,73328.47,0.0,121670.8,194999.27,0,cashout.client0074@bankmail.com,0,not_fraud,0.3791964479423303,0.5,random_forest,reported_fraud,1,Missed fraud scenario recovered by customer feedback.
realistic-prod-0075,2026-04-13T05:43:58.064806+00:00,371,CASH_IN,41241.38,6680095.21,6721336.59,260140.37,218898.99,0,cashin.client0075@bankmail.com,0,not_fraud,0.0007771020368761,0.5,random_forest,confirmed_legit,0,Customer confirmed this transaction as legitimate.
realistic-prod-0076,2026-04-13T11:43:58.064806+00:00,42,PAYMENT,18951.13,32481.09,13529.97,0.0,0.0,0,payment.client0076@bankmail.com,0,not_fraud,0.0,0.5,random_forest,confirmed_legit,0,Customer confirmed this transaction as legitimate.
realistic-prod-0077,2026-04-13T17:43:58.064806+00:00,304,CASH_OUT,490006.42,0.0,0.0,1637856.98,2127863.4,0,cashout.client0077@bankmail.com,0,not_fraud,0.0040092937807316,0.5,random_forest,confirmed_legit,0,Customer confirmed this transaction as legitimate.
realistic-prod-0078,2026-04-13T23:43:58.064806+00:00,33,TRANSFER,3295227.84,3295227.84,0.0,0.0,0.0,0,transfer.client0078@bankmail.com,1,fraud,0.962909444017504,0.5,random_forest,reported_fraud,1,Customer confirmed this transaction as fraud after investigation.
realistic-prod-0079,2026-04-14T05:43:58.064806+00:00,250,CASH_OUT,265528.27,0.0,0.0,495955.68,761483.95,0,cashout.client0079@bankmail.com,0,not_fraud,0.0024114533064256,0.5,random_forest,confirmed_legit,0,Customer confirmed this transaction as legitimate.
realistic-prod-0080,2026-04-14T11:43:58.064806+00:00,12,PAYMENT,10431.84,22056.0,11624.16,0.0,0.0,0,payment.client0080@bankmail.com,0,not_fraud,0.0046740288675772,0.5,random_forest,confirmed_legit,0,Customer confirmed this transaction as legitimate.
realistic-prod-0081,2026-04-14T17:43:58.064806+00:00,301,CASH_OUT,7208.14,55163.0,47954.86,590356.63,597564.77,0,cashout.client0081@bankmail.com,0,not_fraud,0.0846844651302842,0.5,random_forest,confirmed_legit,0,Customer confirmed this transaction as legitimate.
realistic-prod-0082,2026-04-14T23:43:58.064806+00:00,155,CASH_IN,184953.86,150.0,185103.86,151281.83,0.0,0,cashin.client0082@bankmail.com,0,not_fraud,0.0,0.5,random_forest,confirmed_legit,0,Customer confirmed this transaction as legitimate.
realistic-prod-0083,2026-04-15T05:43:58.064806+00:00,11,CASH_OUT,257192.65,0.0,0.0,10539910.6,10797103.26,0,cashout.client0083@bankmail.com,0,not_fraud,0.0121248760923866,0.5,random_forest,confirmed_legit,0,Customer confirmed this transaction as legitimate.
realistic-prod-0084,2026-04-15T11:43:58.064806+00:00,401,CASH_OUT,161563.87,0.0,0.0,537350.15,698914.02,0,cashout.client0084@bankmail.com,0,not_fraud,0.0024114533064256,0.5,random_forest,confirmed_legit,0,Customer confirmed this transaction as legitimate.
realistic-prod-0085,2026-04-15T17:43:58.064806+00:00,436,TRANSFER,842554.02,842554.02,0.0,0.0,0.0,0,transfer.client0085@bankmail.com,1,fraud,0.9891837574397758,0.5,random_forest,reported_fraud,1,Customer confirmed this transaction as fraud after investigation.
realistic-prod-0086,2026-04-15T23:43:58.064806+00:00,273,TRANSFER,143964.68,41069.0,0.0,3864972.71,4008937.39,0,transfer.client0086@bankmail.com,0,not_fraud,0.0906015146026468,0.5,random_forest,confirmed_legit,0,Customer confirmed this transaction as legitimate.
realistic-prod-0087,2026-04-16T05:43:58.064806+00:00,42,CASH_IN,207352.15,2547301.66,2754653.8,584104.9,376752.75,0,cashin.client0087@bankmail.com,0,not_fraud,0.0,0.5,random_forest,confirmed_legit,0,Customer confirmed this transaction as legitimate.
realistic-prod-0088,2026-04-16T11:43:58.064806+00:00,642,PAYMENT,16822.98,0.0,0.0,0.0,0.0,0,payment.client0088@bankmail.com,0,not_fraud,0.0145974065707134,0.5,random_forest,confirmed_legit,0,Customer confirmed this transaction as legitimate.
realistic-prod-0089,2026-04-16T17:43:58.064806+00:00,203,CASH_OUT,181405.54,0.0,0.0,8568950.83,8750356.37,0,cashout.client0089@bankmail.com,0,not_fraud,0.0067445628932814,0.5,random_forest,confirmed_legit,0,Customer confirmed this transaction as legitimate.
realistic-prod-0090,2026-04-16T23:43:58.064806+00:00,42,PAYMENT,1735.11,72842.0,71106.89,0.0,0.0,0,payment.client0090@bankmail.com,0,not_fraud,0.0046758426051336,0.5,random_forest,confirmed_legit,0,Customer confirmed this transaction as legitimate.
realistic-prod-0091,2026-04-17T05:43:58.064806+00:00,265,CASH_OUT,5721871.91,5721871.91,0.0,146633.42,5868505.33,0,cashout.client0091@bankmail.com,1,fraud,0.9669477080273706,0.5,random_forest,reported_fraud,1,Customer confirmed this transaction as fraud after investigation.
realistic-prod-0092,2026-04-17T11:43:58.064806+00:00,44,CASH_IN,134548.09,2896380.79,3030928.88,1380114.08,1245565.99,0,cashin.client0092@bankmail.com,0,not_fraud,0.0,0.5,random_forest,confirmed_legit,0,Customer confirmed this transaction as legitimate.
realistic-prod-0093,2026-04-17T17:43:58.064806+00:00,505,TRANSFER,2251225.38,2251225.38,0.0,0.0,0.0,0,transfer.client0093@bankmail.com,1,fraud,0.997120204371904,0.5,random_forest,reported_fraud,1,Customer confirmed this transaction as fraud after investigation.
realistic-prod-0094,2026-04-17T23:43:58.064806+00:00,140,CASH_OUT,104446.97,15635.0,0.0,10125.0,114571.97,0,cashout.client0094@bankmail.com,0,not_fraud,0.0285401581355653,0.5,random_forest,confirmed_legit,0,Customer confirmed this transaction as legitimate.
realistic-prod-0095,2026-04-18T05:43:58.064806+00:00,290,CASH_IN,253783.11,5340674.28,5594457.4,6379178.61,6125395.5,0,cashin.client0095@bankmail.com,0,not_fraud,0.0007771020368761,0.5,random_forest,confirmed_legit,0,Customer confirmed this transaction as legitimate.
realistic-prod-0096,2026-04-18T11:43:58.064806+00:00,380,CASH_OUT,213881.53,4073.0,0.0,2032567.43,2246448.96,0,cashout.client0096@bankmail.com,0,not_fraud,0.0067445628932814,0.5,random_forest,confirmed_legit,0,Customer confirmed this transaction as legitimate.
realistic-prod-0097,2026-04-18T17:43:58.064806+00:00,725,CASH_OUT,123259.24,123259.24,0.0,1175578.47,1298837.71,0,cashout.client0097@bankmail.com,1,fraud,0.5155018932899692,0.5,random_forest,reported_fraud,1,Customer confirmed this transaction as fraud after investigation.
realistic-prod-0098,2026-04-18T23:43:58.064806+00:00,152,TRANSFER,102945.99,102945.99,0.0,0.0,0.0,0,transfer.client0098@bankmail.com,1,fraud,0.940867290262045,0.5,random_forest,reported_fraud,1,Customer confirmed this transaction as fraud after investigation.
realistic-prod-0099,2026-04-19T05:43:58.064806+00:00,400,PAYMENT,27837.97,95915.03,68077.05,0.0,0.0,0,payment.client0099@bankmail.com,0,not_fraud,0.0046758426051336,0.5,random_forest,confirmed_legit,0,Customer confirmed this transaction as legitimate.
realistic-prod-0100,2026-04-19T11:43:58.064806+00:00,377,CASH_IN,365772.64,2740086.51,3105859.15,815003.96,449231.31,0,cashin.client0100@bankmail.com,0,not_fraud,0.0,0.5,random_forest,confirmed_legit,0,Customer confirmed this transaction as legitimate.
realistic-prod-0101,2026-04-19T17:43:58.064806+00:00,17,CASH_OUT,96226.97,571.0,0.0,308627.0,404853.97,0,cashout.client0101@bankmail.com,0,not_fraud,0.0110042550477943,0.5,random_forest,confirmed_legit,0,Customer confirmed this transaction as legitimate.
realistic-prod-0102,2026-04-19T23:43:58.064806+00:00,278,CASH_OUT,60840.75,50502.0,0.0,146368.26,207209.0,0,cashout.client0102@bankmail.com,0,not_fraud,0.2565522615706778,0.5,random_forest,confirmed_legit,0,Customer confirmed this transaction as legitimate.
realistic-prod-0103,2026-04-20T05:43:58.064806+00:00,499,TRANSFER,488243.65,488243.65,0.0,0.0,0.0,0,transfer.client0103@bankmail.com,1,fraud,0.9611444178050668,0.5,random_forest,reported_fraud,1,Customer confirmed this transaction as fraud after investigation.
realistic-prod-0104,2026-04-20T11:43:58.064806+00:00,545,PAYMENT,12202.44,0.0,0.0,0.0,0.0,0,payment.client0104@bankmail.com,0,not_fraud,0.0090418510151579,0.5,random_forest,confirmed_legit,0,Customer confirmed this transaction as legitimate.
realistic-prod-0105,2026-04-20T17:43:58.064806+00:00,279,CASH_IN,92613.43,10967672.69,11060286.13,1443176.0,1350562.56,0,cashin.client0105@bankmail.com,0,not_fraud,0.0007771020368761,0.5,random_forest,confirmed_legit,0,Customer confirmed this transaction as legitimate.
realistic-prod-0106,2026-04-20T23:43:58.064806+00:00,43,PAYMENT,4141.18,0.0,0.0,0.0,0.0,0,payment.client0106@bankmail.com,0,not_fraud,0.0060323815123004,0.5,random_forest,confirmed_legit,0,Customer confirmed this transaction as legitimate.
realistic-prod-0107,2026-04-21T05:43:58.064806+00:00,615,TRANSFER,56510.5,56510.5,0.0,0.0,0.0,0,transfer.client0107@bankmail.com,1,fraud,0.976976975693009,0.5,random_forest,reported_fraud,1,Customer confirmed this transaction as fraud after investigation.
realistic-prod-0108,2026-04-21T11:43:58.064806+00:00,298,CASH_IN,229142.55,998.0,230140.55,0.0,0.0,0,cashin.client0108@bankmail.com,0,not_fraud,0.0052765346151721,0.5,random_forest,confirmed_legit,0,Customer confirmed this transaction as legitimate.
realistic-prod-0109,2026-04-21T17:43:58.064806+00:00,279,TRANSFER,10000000.0,30536624.41,20536624.41,0.0,0.0,0,transfer.client0109@bankmail.com,1,fraud,0.8328634439009416,0.5,random_forest,reported_fraud,1,Customer confirmed this transaction as fraud after investigation.
realistic-prod-0110,2026-04-21T23:43:58.064806+00:00,614,PAYMENT,14671.02,509544.63,494873.61,0.0,0.0,0,payment.client0110@bankmail.com,0,not_fraud,0.0442129256924417,0.5,random_forest,confirmed_legit,0,Customer confirmed this transaction as legitimate.
realistic-prod-0111,2026-04-22T05:43:58.064806+00:00,209,PAYMENT,9713.15,10206.0,492.85,0.0,0.0,0,payment.client0111@bankmail.com,0,not_fraud,0.0311601804904295,0.5,random_forest,confirmed_legit,0,Customer confirmed this transaction as legitimate.
realistic-prod-0112,2026-04-22T11:43:58.064806+00:00,9,CASH_OUT,130711.01,9964.0,0.0,202478.55,330415.41,0,cashout.client0112@bankmail.com,0,not_fraud,0.0253767403466905,0.5,random_forest,confirmed_legit,0,Customer confirmed this transaction as legitimate.
realistic-prod-0113,2026-04-22T17:43:58.064806+00:00,352,CASH_OUT,367363.85,4089.0,0.0,0.0,367363.85,0,cashout.client0113@bankmail.com,0,not_fraud,0.061552781011764,0.5,random_forest,confirmed_legit,0,Customer confirmed this transaction as legitimate.
realistic-prod-0114,2026-04-22T23:43:58.064806+00:00,304,CASH_OUT,104441.64,3046.0,0.0,1152775.06,1257216.7,0,cashout.client0114@bankmail.com,0,not_fraud,0.0107742496983584,0.5,random_forest,confirmed_legit,0,Customer confirmed this transaction as legitimate.
realistic-prod-0115,2026-04-23T05:43:58.064806+00:00,36,TRANSFER,635645.22,0.0,0.0,3645459.04,4281104.26,0,transfer.client0115@bankmail.com,0,not_fraud,0.0055555555555555,0.5,random_forest,confirmed_legit,0,Customer confirmed this transaction as legitimate.
realistic-prod-0116,2026-04-23T11:43:58.064806+00:00,374,CASH_OUT,13334.92,0.0,0.0,133189.91,146524.83,0,cashout.client0116@bankmail.com,0,not_fraud,0.0531330840994201,0.5,random_forest,confirmed_legit,0,Customer confirmed this transaction as legitimate.
realistic-prod-0117,2026-04-23T17:43:58.064806+00:00,233,CASH_OUT,295287.01,0.0,0.0,2387285.91,2682572.92,0,cashout.client0117@bankmail.com,0,not_fraud,0.0104640943905907,0.5,random_forest,confirmed_legit,0,Customer confirmed this transaction as legitimate.
realistic-prod-0118,2026-04-23T23:43:58.064806+00:00,43,CASH_OUT,157548.71,61233.0,0.0,1425060.18,1582608.88,0,cashout.client0118@bankmail.com,0,not_fraud,0.2021676549168344,0.5,random_forest,confirmed_legit,0,Customer confirmed this transaction as legitimate.
realistic-prod-0119,2026-04-24T05:43:58.064806+00:00,306,CASH_IN,423212.43,11735.0,434947.43,0.0,0.0,0,cashin.client0119@bankmail.com,0,not_fraud,0.0135337743301532,0.5,random_forest,confirmed_legit,0,Customer confirmed this transaction as legitimate.
realistic-prod-0120,2026-04-24T11:43:58.064806+00:00,231,TRANSFER,273821.76,273821.76,0.0,0.0,0.0,0,transfer.client0120@bankmail.com,1,fraud,0.9471308764813908,0.5,random_forest,reported_fraud,1,Customer confirmed this transaction as fraud after investigation.
realistic-prod-0121,2026-04-24T17:43:58.064806+00:00,306,CASH_OUT,407741.88,105065.0,0.0,1835847.77,2243589.64,0,cashout.client0121@bankmail.com,0,not_fraud,0.2893892517908476,0.5,random_forest,confirmed_legit,0,Customer confirmed this transaction as legitimate.
realistic-prod-0122,2026-04-24T23:43:58.064806+00:00,135,CASH_IN,267261.64,8639.0,275900.64,1383168.81,1115907.17,0,cashin.client0122@bankmail.com,0,not_fraud,0.0,0.5,random_forest,confirmed_legit,0,Customer confirmed this transaction as legitimate.
realistic-prod-0123,2026-04-25T05:43:58.064806+00:00,281,CASH_OUT,279953.67,0.0,0.0,455049.15,735002.82,0,cashout.client0123@bankmail.com,0,not_fraud,0.0063922773855566,0.5,random_forest,confirmed_legit,0,Customer confirmed this transaction as legitimate.
realistic-prod-0124,2026-04-25T11:43:58.064806+00:00,134,CASH_IN,220692.63,10970497.77,11191190.41,3603616.2,3382923.57,0,cashin.client0124@bankmail.com,0,not_fraud,0.0007771020368761,0.5,random_forest,confirmed_legit,0,Customer confirmed this transaction as legitimate.
realistic-prod-0125,2026-04-25T17:43:58.064806+00:00,228,CASH_OUT,139929.84,275.0,0.0,383396.17,523326.0,0,cashout.client0125@bankmail.com,0,not_fraud,0.0063922773855566,0.5,random_forest,confirmed_legit,0,Customer confirmed this transaction as legitimate.
realistic-prod-0126,2026-04-25T23:43:58.064806+00:00,546,CASH_IN,120238.51,20514.0,140752.51,113174.76,0.0,0,cashin.client0126@bankmail.com,0,not_fraud,0.0160669191919191,0.5,random_forest,confirmed_legit,0,Customer confirmed this transaction as legitimate.
realistic-prod-0127,2026-04-26T05:43:58.064806+00:00,236,CASH_OUT,233363.7,0.0,0.0,622817.44,856181.14,0,cashout.client0127@bankmail.com,0,not_fraud,0.0024114533064256,0.5,random_forest,confirmed_legit,0,Customer confirmed this transaction as legitimate.
realistic-prod-0128,2026-04-26T11:43:58.064806+00:00,236,PAYMENT,5146.35,724.0,0.0,0.0,0.0,0,payment.client0128@bankmail.com,0,not_fraud,0.0047909386476348,0.5,random_forest,confirmed_legit,0,Customer confirmed this transaction as legitimate.
realistic-prod-0129,2026-04-26T17:43:58.064806+00:00,325,TRANSFER,30846.84,30846.84,0.0,0.0,0.0,0,transfer.client0129@bankmail.com,1,fraud,0.8310517835038995,0.5,random_forest,reported_fraud,1,Customer confirmed this transaction as fraud after investigation.
realistic-prod-0130,2026-04-26T23:43:58.064806+00:00,372,TRANSFER,1335693.47,1439.0,0.0,99138.05,1434831.53,0,transfer.client0130@bankmail.com,0,not_fraud,0.0194040377278262,0.5,random_forest,confirmed_legit,0,Customer confirmed this transaction as legitimate.
realistic-prod-0131,2026-04-27T05:43:58.064806+00:00,161,CASH_IN,144079.21,11331.0,155410.21,1235926.27,1091847.06,0,cashin.client0131@bankmail.com,0,not_fraud,0.0,0.5,random_forest,confirmed_legit,0,Customer confirmed this transaction as legitimate.
realistic-prod-0132,2026-04-27T11:43:58.064806+00:00,402,CASH_OUT,151553.7,0.0,0.0,1179714.79,1331268.48,0,cashout.client0132@bankmail.com,0,not_fraud,0.0064207470871572,0.5,random_forest,confirmed_legit,0,Customer confirmed this transaction as legitimate.
realistic-prod-0133,2026-04-27T17:43:58.064806+00:00,307,CASH_IN,249781.08,117686.0,367467.08,2658788.95,2409007.87,0,cashin.client0133@bankmail.com,0,not_fraud,0.0055555555555555,0.5,random_forest,confirmed_legit,0,Customer confirmed this transaction as legitimate.
realistic-prod-0134,2026-04-27T23:43:58.064806+00:00,534,CASH_OUT,1390332.39,1390332.39,0.0,0.0,1390332.39,0,cashout.client0134@bankmail.com,1,fraud,0.9405395082193836,0.5,random_forest,reported_fraud,1,Customer confirmed this transaction as fraud after investigation.
realistic-prod-0135,2026-04-28T05:43:58.064806+00:00,380,CASH_OUT,30049.13,22073.0,0.0,548516.27,578565.41,0,cashout.client0135@bankmail.com,0,not_fraud,0.1115010614892119,0.5,random_forest,confirmed_legit,0,Customer confirmed this transaction as legitimate.
realistic-prod-0136,2026-04-28T11:43:58.064806+00:00,80,TRANSFER,244814.12,244814.12,0.0,0.0,0.0,0,transfer.client0136@bankmail.com,1,fraud,0.965628602319498,0.5,random_forest,reported_fraud,1,Customer confirmed this transaction as fraud after investigation.
realistic-prod-0137,2026-04-28T17:43:58.064806+00:00,229,CASH_OUT,150395.38,0.0,0.0,8362848.98,8513244.35,0,cashout.client0137@bankmail.com,0,not_fraud,0.0067445628932814,0.5,random_forest,confirmed_legit,0,Customer confirmed this transaction as legitimate.
realistic-prod-0138,2026-04-28T23:43:58.064806+00:00,714,CASH_OUT,19320.99,803.0,0.0,76045.05,95366.03,0,cashout.client0138@bankmail.com,0,not_fraud,0.1011107415725005,0.5,random_forest,confirmed_legit,0,Customer confirmed this transaction as legitimate.
realistic-prod-0139,2026-04-29T05:43:58.064806+00:00,324,PAYMENT,54588.08,104206.0,49617.92,0.0,0.0,0,payment.client0139@bankmail.com,0,not_fraud,0.0046758426051336,0.5,random_forest,confirmed_legit,0,Customer confirmed this transaction as legitimate.
realistic-prod-0140,2026-04-29T11:43:58.064806+00:00,353,CASH_IN,57551.6,18262487.36,18320038.95,854587.06,797035.46,0,cashin.client0140@bankmail.com,0,not_fraud,0.0007771020368761,0.5,random_forest,confirmed_legit,0,Customer confirmed this transaction as legitimate.
realistic-prod-0141,2026-04-29T17:43:58.064806+00:00,227,CASH_IN,65559.17,21400722.79,21466281.96,669896.94,604337.77,0,cashin.client0141@bankmail.com,0,not_fraud,0.0007771020368761,0.5,random_forest,confirmed_legit,0,Customer confirmed this transaction as legitimate.
realistic-prod-0142,2026-04-29T23:43:58.064806+00:00,41,CASH_OUT,59781.86,0.0,0.0,489894.16,549676.02,0,cashout.client0142@bankmail.com,0,not_fraud,0.0064990260728139,0.5,random_forest,confirmed_legit,0,Customer confirmed this transaction as legitimate.
realistic-prod-0143,2026-04-30T05:43:58.064806+00:00,158,CASH_OUT,60169.54,61367.0,1197.46,346448.6,406618.15,0,cashout.client0143@bankmail.com,0,not_fraud,0.151247724774334,0.5,random_forest,confirmed_legit,0,Customer confirmed this transaction as legitimate.
realistic-prod-0144,2026-04-30T11:43:58.064806+00:00,18,CASH_OUT,81892.63,129884.0,47991.37,1752293.42,1834186.05,0,cashout.client0144@bankmail.com,0,not_fraud,0.0934527698277443,0.5,random_forest,confirmed_legit,0,Customer confirmed this transaction as legitimate.
realistic-prod-0145,2026-04-30T17:43:58.064806+00:00,737,CASH_OUT,167606.49,167606.49,0.0,2315864.75,2483471.24,0,cashout.client0145@bankmail.com,0,not_fraud,0.4996455140421962,0.5,random_forest,reported_fraud,1,Missed fraud scenario recovered by customer feedback.
realistic-prod-0146,2026-04-30T23:43:58.064806+00:00,179,CASH_IN,126704.73,1816801.81,1943506.54,1984947.12,1858242.39,0,cashin.client0146@bankmail.com,0,not_fraud,0.0,0.5,random_forest,confirmed_legit,0,Customer confirmed this transaction as legitimate.
realistic-prod-0147,2026-05-01T05:43:58.064806+00:00,21,CASH_OUT,96022.66,0.0,0.0,2539336.73,2635359.4,0,cashout.client0147@bankmail.com,0,not_fraud,0.0204563852519335,0.5,random_forest,confirmed_legit,0,Customer confirmed this transaction as legitimate.
realistic-prod-0148,2026-05-01T11:43:58.064806+00:00,184,PAYMENT,10583.23,1644.0,0.0,0.0,0.0,0,payment.client0148@bankmail.com,0,not_fraud,0.003980824079131,0.5,random_forest,confirmed_legit,0,Customer confirmed this transaction as legitimate.
realistic-prod-0149,2026-05-01T17:43:58.064806+00:00,330,PAYMENT,10927.69,42041.12,31113.43,0.0,0.0,0,payment.client0149@bankmail.com,0,not_fraud,0.0,0.5,random_forest,confirmed_legit,0,Customer confirmed this transaction as legitimate.
realistic-prod-0150,2026-05-01T23:43:58.064806+00:00,164,CASH_IN,31217.34,99683.0,130900.34,0.0,0.0,0,cashin.client0150@bankmail.com,0,not_fraud,0.0011262540223357,0.5,random_forest,confirmed_legit,0,Customer confirmed this transaction as legitimate.
realistic-prod-0151,2026-05-02T05:43:58.064806+00:00,155,CASH_IN,31447.6,22403.0,53850.6,0.0,0.0,0,cashin.client0151@bankmail.com,0,not_fraud,0.0113916375160657,0.5,random_forest,confirmed_legit,0,Customer confirmed this transaction as legitimate.
realistic-prod-0152,2026-05-02T11:43:58.064806+00:00,133,CASH_IN,39157.9,3434498.27,3473656.17,3261003.12,2970256.68,0,cashin.client0152@bankmail.com,0,not_fraud,0.0049400252525252,0.5,random_forest,confirmed_legit,0,Customer confirmed this transaction as legitimate.
realistic-prod-0153,2026-05-02T17:43:58.064806+00:00,303,CASH_OUT,67080.47,0.0,0.0,1124712.1,1191792.56,0,cashout.client0153@bankmail.com,0,not_fraud,0.0211220240591278,0.5,random_forest,confirmed_legit,0,Customer confirmed this transaction as legitimate.
realistic-prod-0154,2026-05-02T23:43:58.064806+00:00,43,PAYMENT,871.77,0.0,0.0,0.0,0.0,0,payment.client0154@bankmail.com,0,not_fraud,0.0060323815123004,0.5,random_forest,confirmed_legit,0,Customer confirmed this transaction as legitimate.
realistic-prod-0155,2026-05-03T05:43:58.064806+00:00,232,CASH_OUT,149736.95,0.0,0.0,182677.34,332414.28,0,cashout.client0155@bankmail.com,0,not_fraud,0.0102181118701009,0.5,random_forest,confirmed_legit,0,Customer confirmed this transaction as legitimate.
realistic-prod-0156,2026-05-03T11:43:58.064806+00:00,154,CASH_OUT,91440.41,156532.0,65091.59,1771623.02,1863063.43,0,cashout.client0156@bankmail.com,0,not_fraud,0.0853081234134451,0.5,random_forest,confirmed_legit,0,Customer confirmed this transaction as legitimate.
realistic-prod-0157,2026-05-03T17:43:58.064806+00:00,590,PAYMENT,18613.06,683.0,0.0,0.0,0.0,0,payment.client0157@bankmail.com,0,not_fraud,0.0090418510151579,0.5,random_forest,confirmed_legit,0,Customer confirmed this transaction as legitimate.
realistic-prod-0158,2026-05-03T23:43:58.064806+00:00,179,CASH_OUT,103558.6,16190.0,0.0,1280501.68,1384060.28,0,cashout.client0158@bankmail.com,0,not_fraud,0.0247374059906854,0.5,random_forest,confirmed_legit,0,Customer confirmed this transaction as legitimate.
realistic-prod-0159,2026-05-04T05:43:58.064806+00:00,5,PAYMENT,4177.38,12075.0,7897.62,0.0,0.0,0,payment.client0159@bankmail.com,0,not_fraud,0.0503320653874554,0.5,random_forest,confirmed_legit,0,Customer confirmed this transaction as legitimate.
realistic-prod-0160,2026-05-04T11:43:58.064806+00:00,153,CASH_OUT,80581.98,213532.0,132950.02,1122772.14,1203354.11,0,cashout.client0160@bankmail.com,0,not_fraud,0.0597737533326664,0.5,random_forest,confirmed_legit,0,Customer confirmed this transaction as legitimate.
realistic-prod-0161,2026-05-04T17:43:58.064806+00:00,139,TRANSFER,674370.52,41112.0,0.0,289954.23,964324.75,0,transfer.client0161@bankmail.com,0,not_fraud,0.0308965786839708,0.5,random_forest,confirmed_legit,0,Customer confirmed this transaction as legitimate.
realistic-prod-0162,2026-05-04T23:43:58.064806+00:00,206,CASH_OUT,242195.26,0.0,0.0,3331937.79,3574133.05,0,cashout.client0162@bankmail.com,0,not_fraud,0.0067445628932814,0.5,random_forest,confirmed_legit,0,Customer confirmed this transaction as legitimate.
realistic-prod-0163,2026-05-05T05:43:58.064806+00:00,397,CASH_OUT,52689.13,52689.13,0.0,160085.29,212774.42,0,cashout.client0163@bankmail.com,0,not_fraud,0.1962207258011375,0.5,random_forest,reported_fraud,1,Missed fraud scenario recovered by customer feedback.
realistic-prod-0164,2026-05-05T11:43:58.064806+00:00,714,TRANSFER,10000000.0,10390763.24,390763.24,0.0,0.0,0,transfer.client0164@bankmail.com,1,fraud,0.8212562247222388,0.5,random_forest,reported_fraud,1,Customer confirmed this transaction as fraud after investigation.
realistic-prod-0165,2026-05-05T17:43:58.064806+00:00,281,CASH_OUT,153436.85,51169.0,0.0,237058.87,390495.73,0,cashout.client0165@bankmail.com,0,not_fraud,0.1184673166010391,0.5,random_forest,confirmed_legit,0,Customer confirmed this transaction as legitimate.
realistic-prod-0166,2026-05-05T23:43:58.064806+00:00,372,CASH_OUT,97474.81,0.0,0.0,235742.21,333217.02,0,cashout.client0166@bankmail.com,0,not_fraud,0.0102181118701009,0.5,random_forest,confirmed_legit,0,Customer confirmed this transaction as legitimate.
realistic-prod-0167,2026-05-06T05:43:58.064806+00:00,594,CASH_OUT,150319.57,17167.0,0.0,0.0,150319.57,0,cashout.client0167@bankmail.com,0,not_fraud,0.1478271787968514,0.5,random_forest,confirmed_legit,0,Customer confirmed this transaction as legitimate.
realistic-prod-0168,2026-05-06T11:43:58.064806+00:00,347,CASH_OUT,159479.9,402.0,0.0,0.0,159479.9,0,cashout.client0168@bankmail.com,0,not_fraud,0.0318816902118589,0.5,random_forest,confirmed_legit,0,Customer confirmed this transaction as legitimate.
realistic-prod-0169,2026-05-06T17:43:58.064806+00:00,209,CASH_OUT,59175.01,0.0,0.0,394723.24,453898.25,0,cashout.client0169@bankmail.com,0,not_fraud,0.015197725683926,0.5,random_forest,confirmed_legit,0,Customer confirmed this transaction as legitimate.
realistic-prod-0170,2026-05-06T23:43:58.064806+00:00,163,PAYMENT,589.05,0.0,0.0,0.0,0.0,0,payment.client0170@bankmail.com,0,not_fraud,0.0047909386476348,0.5,random_forest,confirmed_legit,0,Customer confirmed this transaction as legitimate.
realistic-prod-0171,2026-05-07T05:43:58.064806+00:00,369,CASH_IN,186076.17,1488432.46,1674508.63,630785.13,444708.96,0,cashin.client0171@bankmail.com,0,not_fraud,0.0,0.5,random_forest,confirmed_legit,0,Customer confirmed this transaction as legitimate.
realistic-prod-0172,2026-05-07T11:43:58.064806+00:00,524,PAYMENT,19698.44,0.0,0.0,0.0,0.0,0,payment.client0172@bankmail.com,0,not_fraud,0.003980824079131,0.5,random_forest,confirmed_legit,0,Customer confirmed this transaction as legitimate.
realistic-prod-0173,2026-05-07T17:43:58.064806+00:00,349,TRANSFER,1721704.17,0.0,0.0,3251452.95,4973157.12,0,transfer.client0173@bankmail.com,0,not_fraud,0.0137780757466622,0.5,random_forest,confirmed_legit,0,Customer confirmed this transaction as legitimate.
realistic-prod-0174,2026-05-07T23:43:58.064806+00:00,229,CASH_OUT,6225.7,50478.0,44252.3,446469.61,452695.31,0,cashout.client0174@bankmail.com,0,not_fraud,0.0775331139827909,0.5,random_forest,confirmed_legit,0,Customer confirmed this transaction as legitimate.
realistic-prod-0175,2026-05-08T05:43:58.064806+00:00,44,PAYMENT,8162.09,0.0,0.0,0.0,0.0,0,payment.client0175@bankmail.com,0,not_fraud,0.0060323815123004,0.5,random_forest,confirmed_legit,0,Customer confirmed this transaction as legitimate.
realistic-prod-0176,2026-05-08T11:43:58.064806+00:00,379,CASH_IN,109430.39,11141.0,120571.39,18494927.68,18385497.3,0,cashin.client0176@bankmail.com,0,not_fraud,0.0,0.5,random_forest,confirmed_legit,0,Customer confirmed this transaction as legitimate.
realistic-prod-0177,2026-05-08T17:43:58.064806+00:00,154,PAYMENT,4332.74,356907.0,352574.26,0.0,0.0,0,payment.client0177@bankmail.com,0,not_fraud,0.0046758426051336,0.5,random_forest,confirmed_legit,0,Customer confirmed this transaction as legitimate.
realistic-prod-0178,2026-05-08T23:43:58.064806+00:00,256,PAYMENT,9339.48,20356.0,11016.52,0.0,0.0,0,payment.client0178@bankmail.com,0,not_fraud,0.0,0.5,random_forest,confirmed_legit,0,Customer confirmed this transaction as legitimate.
realistic-prod-0179,2026-05-09T05:43:58.064806+00:00,378,PAYMENT,13284.76,194231.57,180946.81,0.0,0.0,0,payment.client0179@bankmail.com,0,not_fraud,0.0046758426051336,0.5,random_forest,confirmed_legit,0,Customer confirmed this transaction as legitimate.
realistic-prod-0180,2026-05-09T11:43:58.064806+00:00,406,CASH_OUT,126192.63,126192.63,0.0,0.0,126192.63,0,cashout.client0180@bankmail.com,0,not_fraud,0.2964811956834595,0.5,random_forest,reported_fraud,1,Missed fraud scenario recovered by customer feedback.
